GraspMAX,Iterações Busca Local,Alpha,FO,Duração (ms)
1000,5,0.10,109822,14266.86
1000,5,0.50,110271,14308.03
1000,5,0.90,110470,14310.39
1000,10,0.10,110100,28038.92
1000,10,0.50,110256,27064.95
1000,10,0.90,110491,26141.53
2000,5,0.10,110462,27916.96
2000,5,0.50,110241,28795.98
2000,5,0.90,110395,28821.56
2000,10,0.10,110339,56107.81
2000,10,0.50,110364,53386.79
2000,10,0.90,110468,52716.38
20000,5,0.10,110459,283374.70
20000,5,0.50,110431,283160.62
20000,5,0.90,110544,283649.48
20000,10,0.10,110468,549510.25
20000,10,0.50,110424,533900.68
20000,10,0.90,110575,524318.09
