Iterações,Iterações sem Melhora,TTL,FO,Duração (ms)
127,127,1,128205,103.74
127,11,1,128205,30.25
127,127,3,128205,104.04
127,11,3,128205,30.22
127,127,5,128205,105.76
127,11,5,128205,28.68
127,127,10,128205,103.89
127,11,10,128205,28.62
1270,1270,1,128205,1043.26
1270,35,1,128205,50.20
1270,1270,3,128205,1046.08
1270,35,3,128205,49.92
1270,1270,5,128205,1043.43
1270,35,5,128205,48.31
1270,1270,10,128205,1044.80
1270,35,10,128205,48.33
12700,12700,1,128205,10481.72
12700,112,1,128205,113.94
12700,12700,3,128205,10468.73
12700,112,3,128205,112.57
12700,12700,5,128205,10408.13
12700,112,5,128205,111.13
12700,12700,10,128205,10454.32
12700,112,10,128205,113.22
127000,127000,1,128205,104675.36
127000,356,1,128205,316.92
127000,127000,3,128205,104332.43
127000,356,3,128205,315.01
127000,127000,5,128205,104082.72
127000,356,5,128205,312.82
127000,127000,10,128205,104161.86
127000,356,10,128205,310.62
