Temperatura,Alpha,SA,FO,Duração (ms)
1000,0.900,2000,110547,536.607
1000,0.950,2000,110547,1072.663
1000,0.990,2000,110547,5715.272
1000,0.999,2000,110547,57806.040
10000,0.900,2000,110547,657.110
10000,0.950,2000,110547,1336.533
10000,0.990,2000,110547,7175.751
10000,0.999,2000,110547,68288.224
100000,0.900,2000,110547,727.885
100000,0.950,2000,110547,1495.267
100000,0.990,2000,110547,7412.858
100000,0.999,2000,110547,76576.604
1000000,0.900,2000,110547,774.097
1000000,0.950,2000,110547,1691.476
1000000,0.990,2000,110547,8508.075
1000000,0.999,2000,110547,85058.218
