Iterações,Iterações Sem Melhora,TTL,FO,Duração (ms)
2000,44,1,110547,164.61
2000,44,3,110547,144.10
2000,44,5,110547,144.50
2000,44,10,110547,144.42
2000,44,20,110547,143.89
2000,44,50,110547,145.12
20000,141,1,110547,462.93
20000,141,3,110547,460.49
20000,141,5,110547,461.64
20000,141,10,110547,462.36
20000,141,20,110547,485.36
20000,141,50,110547,497.79
200000,447,1,110547,1585.20
200000,447,3,110547,1597.41
200000,447,5,110547,1577.65
200000,447,10,110547,1563.25
200000,447,20,110547,1476.05
200000,447,50,110547,1486.34
